{"schemaVersion":"1.0","appDefinitionTemplate":{"id":"/providers/Microsoft.PowerApps/apps/","type":"Microsoft.PowerApps/apps","tags":{"primaryDeviceWidth":"640","primaryDeviceHeight":"1136","supportsPortrait":"true","supportsLandscape":"true","primaryFormFactor":"Phone","publisherVersion":"3.22111.28","minimumRequiredApiVersion":"2.2.0","hasComponent":"false","hasUnlockedComponent":"false","isUnifiedRootApp":"false","sienaVersion":"20221204T165408Z-3.22111.28.0"},"properties":{"appVersion":"2022-12-04T16:54:08Z","lifeCycleId":"Published","createdByClientVersion":{"major":3,"minor":22111,"build":28,"revision":0,"majorRevision":0,"minorRevision":0},"minClientVersion":{"major":3,"minor":22111,"build":28,"revision":0,"majorRevision":0,"minorRevision":0},"backgroundColor":"RGBA(0,176,240,1)","backgroundImageUri":"/9366125733283450236/Nb33123bf-bdc4-45ee-be51-58673503673f-logoSmallFile","displayName":"Places App","description":"","commitMessage":"","appUris":{"documentUri":{"value":"/9366125733283450236/N3d484e65-3831-4d27-af8e-92eb680ded10-document.msapp"},"imageUris":[],"additionalUris":[]},"createdTime":"0001-01-01T00:00:00Z","lastModifiedTime":"0001-01-01T00:00:00Z","sharedGroupsCount":0,"sharedUsersCount":0,"icons":{"smallIconUri":"/9366125733283450236/Nb43f4c88-c80e-4b31-80a6-38e423dcbb98-small.png","mediumIconUri":"/9366125733283450236/Nd6d80b12-7e68-4bd0-b38c-862493f01847-medium.png","largeIconUri":"/9366125733283450236/Nb0111a31-1a6f-4cce-ae90-7bc168b255ec-large.png","wideIconUri":"/9366125733283450236/N2d96b88e-6135-4336-87a4-44e1071ccc0b-wide.png"},"connectionReferences":{"82e1249b-0961-412a-92fa-a5e106eed2f7":{"id":"d91e23ee-7a2b-4aa2-abcc-3633283c4280","displayName":"Excel","iconUri":"https://connectoricons-prod.azureedge.net/releases/v1.0.1599/1.0.1599.3017/excel/icon.png","dataSources":["Places"],"dependencies":["4b01cabd-bf03-493f-a405-29126e78f7c7"],"dependents":[],"parameterHints":{"4b01cabd-bf03-493f-a405-29126e78f7c7":{"value":"fileSource"}},"parameterHintsV2":{"fileSource":{"value":"4b01cabd-bf03-493f-a405-29126e78f7c7"}},"isOnPremiseConnection":false,"bypassConsent":false,"dataSets":{"b!FU3nyya_Qkq9bnBMXc2hBbLtTmabwQpGrKjimqSA7KnyIObFHOdFSJC0lo44PgoM.01VGE5WC7M3UX4POJFDFEITIPM3HZ6XCMJ":{"dataSources":{"Places":{"tableName":"Places"}}}},"apiTier":"Standard","isCustomApiConnection":false,"actions":["providers/PowerPlatform.Governance/Operations/Read","providers/PowerPlatform.Governance/Operations/Write","providers/PowerPlatform.Governance/Operations/Delete"]},"4b01cabd-bf03-493f-a405-29126e78f7c7":{"id":"d203273f-b2aa-4f41-8826-1c36bf91df2a","displayName":"OneDrive for Business","iconUri":"https://connectoricons-prod.azureedge.net/releases/v1.0.1546/1.0.1546.2665/onedriveforbusiness/icon.png","dataSources":[],"dependencies":[],"dependents":["82e1249b-0961-412a-92fa-a5e106eed2f7"],"parameterHints":{},"parameterHintsV2":{},"isOnPremiseConnection":false,"bypassConsent":false,"dataSets":{},"apiTier":"Standard","isCustomApiConnection":false}},"databaseReferences":{},"almMode":"Environment","performanceOptimizationEnabled":true,"canConsumeAppPass":true,"enableModernRuntimeMode":false,"executionRestrictions":{"isTeamsOnly":false,"dataLossPreventionEvaluationResult":{"status":"Compliant","lastEvaluationDate":"2022-12-03T18:07:12.3167535Z","violations":[],"violationsByPolicy":[],"violationErrorMessage":"The app uses the following connectors: shared_excel, shared_onedriveforbusiness."}}},"appType":"ClassicCanvasApp","appComponents":[]}}