{"schemaVersion":"1.0","appDefinitionTemplate":{"id":"/providers/Microsoft.PowerApps/apps/","type":"Microsoft.PowerApps/apps","tags":{"primaryDeviceWidth":"640","primaryDeviceHeight":"1136","sienaVersion":"20220915T184841Z-3.22085.14.0","deviceCapabilities":"","supportsPortrait":"true","supportsLandscape":"true","primaryFormFactor":"Phone","publisherVersion":"3.22085.14","minimumRequiredApiVersion":"2.2.0","hasComponent":"false","hasUnlockedComponent":"false","isUnifiedRootApp":"false"},"properties":{"appVersion":"2022-09-15T18:48:41Z","lifeCycleId":"Published","createdByClientVersion":{"major":3,"minor":22085,"build":14,"revision":0,"majorRevision":0,"minorRevision":0},"minClientVersion":{"major":3,"minor":22085,"build":14,"revision":0,"majorRevision":0,"minorRevision":0},"backgroundColor":"RGBA(54,176,75,1)","backgroundImageUri":"/10126383915253427971/Neb061ed8-aa37-490b-83d4-e2e79affb853-logoSmallFile","displayName":"Reservation App","description":"","commitMessage":"","appUris":{"documentUri":{"value":"/10126383915253427971/N79296595-b66d-40b0-958c-d900871ec52b-document.msapp"},"imageUris":[],"additionalUris":[]},"createdTime":"0001-01-01T00:00:00Z","lastModifiedTime":"0001-01-01T00:00:00Z","sharedGroupsCount":0,"sharedUsersCount":0,"icons":{"smallIconUri":"/10126383915253427971/N872187ec-073b-4c05-abff-e756ce6cc4f1-small.png","mediumIconUri":"/10126383915253427971/N12bbccc7-79a6-421a-893e-cbcd4a3be4cc-medium.png","largeIconUri":"/10126383915253427971/N21fb1232-7c57-4791-82bb-32c2be8f480b-large.png","wideIconUri":"/10126383915253427971/N5f5f0772-6c67-4278-a4ba-3295f0c06fa5-wide.png"},"connectionReferences":{},"databaseReferences":{"default.cds":{"databaseDetails":{"referenceType":"Environmental","environmentName":"default.cds","overrideValues":{"status":"NotSpecified"}},"dataSources":{"testImage":{"entitySetName":"cr31a_testimages","logicalName":"cr31a_testimage"}},"actions":["providers/PowerPlatform.Governance/Operations/Read","providers/PowerPlatform.Governance/Operations/Write"]}},"almMode":"Environment","performanceOptimizationEnabled":true,"canConsumeAppPass":true,"enableModernRuntimeMode":false,"executionRestrictions":{"isTeamsOnly":false,"dataLossPreventionEvaluationResult":{"status":"Compliant","lastEvaluationDate":"2022-09-13T16:50:39.2551686Z","violations":[],"violationsByPolicy":[],"violationErrorMessage":"The app uses the following connectors: shared_commondataservice."}}},"appType":"ClassicCanvasApp","appComponents":[]}}